inci,name_ko,role,avoid_group,kcia_code,kcia_en,kcia_checked
water,정제수,base,,2700,Water,2026-09-30
glycerin,글리세린,humectant,,1013,Glycerin,2026-09-30
butylene glycol,부틸렌글라이콜,humectant,,586,Butylene Glycol,2026-09-30
sodium hyaluronate,소듐하이알루로네이트,humectant,,1265,Sodium Hyaluronate,2026-09-30
panthenol,판테놀,soothing,,3528,Panthenol,2026-09-30
allantoin,알란토인,soothing,,1827,Allantoin,2026-09-30
ceramide np,세라마이드엔피,barrier,,7186,Ceramide NP,2026-09-30
squalane,스쿠알란,emollient,,1403,Squalane,2026-09-30
centella asiatica extract,병풀추출물,soothing,,540,Centella Asiatica Extract,2026-09-30
madecassoside,마데카소사이드,soothing,,70,Madecassoside,2026-09-30
artemisia princeps extract,쑥추출물,soothing,,18413,Artemisia Princeps Extract,2026-09-30
niacinamide,나이아신아마이드,brightening,,1941,Niacinamide,2026-09-30
arbutin,알부틴,brightening,,1880,Arbutin,2026-09-30
ascorbyl glucoside,아스코빌글루코사이드,brightening,,1722,Ascorbyl Glucoside,2026-09-30
adenosine,아데노신,anti-wrinkle,,1614,Adenosine,2026-09-30
salicylic acid,살리실릭애씨드,exfoliant,,812,Salicylic Acid,2026-09-30
melaleuca alternifolia leaf water,티트리잎수,soothing,,6303,Melaleuca Alternifolia (Tea Tree) Leaf Water,2026-09-30
kaolin,카올린,clay,,2892,Kaolin,2026-09-30
bentonite,벤토나이트,clay,,528,Bentonite,2026-09-30
charcoal powder,숯가루,clay,,1354,Charcoal Powder,2026-09-30
zinc oxide,징크옥사이드,uv filter,,2776,Zinc Oxide,2026-09-30
titanium dioxide,티타늄디옥사이드,uv filter,,3463,Titanium Dioxide,2026-09-30
hydrogenated polyisobutene,하이드로제네이티드폴리아이소부텐,emollient,,4617,Hydrogenated Polyisobutene,2026-09-30
butyrospermum parkii butter,시어버터,emollient,,1356,Butyrospermum Parkii (Shea) Butter,2026-09-30
tocopherol,토코페롤,antioxidant,,3288,Tocopherol,2026-09-30
ci 15850,적색202호,colorant,,2664,Lithol Rubine BCA,2026-09-30
snail secretion filtrate,달팽이점액여과물,humectant,,6319,Snail Secretion Filtrate,2026-09-30
fragrance,향료,fragrance,fragrance,4852,Fragrance|Perfume|Parfum,2026-09-30
alcohol denat,변성알코올,solvent,alcohol,532,Alcohol Denat.,2026-09-30
artemisia extract,쑥추출물,soothing,,18413,Artemisia Princeps Extract,2026-09-30
rice extract,쌀추출물,brightening,,1587,Oryza Sativa (Rice) Extract,2026-09-30
dimethicone,다이메티콘,emollient,,4512,Dimethicone,2026-09-30
jojoba oil,호호바씨오일,emollient,,4935,Simmondsia Chinensis (Jojoba) Seed Oil,2026-09-30
collagen,콜라겐,humectant,,3077,Collagen,2026-09-30
pigment,색소,colorant,,,,no (not a standard name)
mercury,수은,prohibited (counterfeit label),,,,no (prohibited; Taiwan TFDA prohibited list)
