brand,manufacturer,country,official_site,registered
Harudam,하루담코스메틱(주),KR,harudam.example.kr,2019
Soopgyeol,숲결(주),KR,soopgyeol.example.kr,2021
Onsaemi,온새미뷰티(주),KR,onsaemi.example.kr,2018
Dasom Lab,다솜랩(주),KR,dasomlab.example.kr,2020
Gyeol Lab,결연구소(주),KR,gyeollab.example.kr,2022
Mulgyeol Lab,물결랩(주),KR,mulgyeollab.example.kr,2020
Danbi,단비코스메틱(주),KR,danbi.example.kr,2017
Solbit,솔빛뷰티(주),KR,solbit.example.kr,2021
Haneulgyeol,하늘결(주),KR,haneulgyeol.example.kr,2019
Moa Daily,모아데일리(주),KR,moadaily.example.kr,2023
